compound_name	normalized_name	group_label	entry_type	is_cry_toxin	source_tag	source_file	notes	source_order
Acephate	acephate	A	collected_name	0	collected_text_n			24
Acequinocyl	acequinocyl	A	collected_name	0	collected_text_n			25
Acetamiprid	acetamiprid	A	collected_name	0	collected_text_n			26
Acethion	acethion	A	collected_name	0	collected_text_n			27
Acetophos	acetophos	A	collected_name	0	collected_text_n			28
Acetoprole	acetoprole	A	collected_name	0	collected_text_n			29
Acibenzolar	acibenzolar	A	collected_name	0	collected_text_n			30
Acrinathrin	acrinathrin	A	collected_name	0	collected_text_n			32
Acrylonitrile	acrylonitrile	A	collected_name	0	collected_text_n			33
Acynonapyr	acynonapyr	A	collected_name	0	collected_text_n			34
Afidopyropen	afidopyropen	A	collected_name	0	collected_text_n			35
Alanycarb	alanycarb	A	collected_name	0	collected_text_n			36
Aldicarb	aldicarb	A	collected_name	0	collected_text_n			37
Aldoxycarb	aldoxycarb	A	collected_name	0	collected_text_n			38
Aldrin	aldrin	A	collected_name	0	collected_text_n			39
Allethrin	allethrin	A	collected_name	0	collected_text_n			40
Allyxycarb	allyxycarb	A	collected_name	0	collected_text_n			42
Alpha-cypermethrin	alpha-cypermethrin	A	collected_name	0	collected_text_n			43
Alpha-endosulfan	alpha-endosulfan	A	collected_name	0	collected_text_n			44
Alpha-hexachlorocyclohexane	alpha-hexachlorocyclohexane	A	collected_name	0	collected_text_n			45
Altretamine	altretamine	A	collected_name	0	collected_text_n			46
Aluminium phosphide	aluminium phosphide	A	collected_name	0	collected_text_n			47
Aluminium silicate	aluminium silicate	A	collected_name	0	collected_text_n			48
Amidithion	amidithion	A	collected_name	0	collected_text_n			49
Amidoflumet	amidoflumet	A	collected_name	0	collected_text_n			50
Amidothioate	amidothioate	A	collected_name	0	collected_text_n			51
Aminocarb	aminocarb	A	collected_name	0	collected_text_n			52
Amiton	amiton	A	collected_name	0	collected_text_n			53
Amiton oxalate	amiton oxalate	A	collected_name	0	collected_text_n			54
Amitraz	amitraz	A	collected_name	0	collected_text_n			55
Ammonium acetate	ammonium acetate	A	collected_name	0	collected_text_n			56
Anagrapha falcifera nucleopolyhedrovirus	anagrapha falcifera nucleopolyhedrovirus	A	collected_name	0	collected_text_n			57
Anethole	anethole	A	collected_name	0	collected_text_n			58
Anthracene oil	anthracene oil	A	collected_name	0	collected_text_n			60
Apholate	apholate	A	collected_name	0	collected_text_n			61
Aramite	aramite	A	collected_name	0	collected_text_n			62
Arctium lappa extract	arctium lappa extract	A	collected_name	0	collected_text_n			63
Arsenic acid	arsenic acid	A	collected_name	0	collected_text_n			64
Artemisia absinthium extract	artemisia absinthium extract	A	collected_name	0	collected_text_n			65
Artemisia vulgaris oil	artemisia vulgaris oil	A	collected_name	0	collected_text_n			66
Athidathion	athidathion	A	collected_name	0	collected_text_n			68
Azamethiphos	azamethiphos	A	collected_name	0	collected_text_n			69
Azinphos-ethyl	azinphos-ethyl	A	collected_name	0	collected_text_n			70
Azinphos-methyl	azinphos-methyl	A	collected_name	0	collected_text_n			71
Azothoate	azothoate	A	collected_name	0	collected_text_n			72
Azoxybenzene	azoxybenzene	A	collected_name	0	collected_text_n			73
Bacillus sphaericus	bacillus sphaericus	B	collected_name	0	collected_text_n			74
Bacillus thuringiensis Berliner subsp. japonensis	bacillus thuringiensis berliner subsp. japonensis	B	collected_name	0	collected_text_n			75
Bacillus thuringiensis Berliner subsp. morrisoni	bacillus thuringiensis berliner subsp. morrisoni	B	collected_name	0	collected_text_n			76
Bacillus thuringiensis subsp. aizawai strain ABTS-1857	bacillus thuringiensis subsp. aizawai strain abts-1857	B	collected_name	0	collected_text_n			77
Bacillus thuringiensis subsp. aizawai strain GC-91	bacillus thuringiensis subsp. aizawai strain gc-91	B	collected_name	0	collected_text_n			78
Bacillus thuringiensis subsp. israelensis strain AM65-52	bacillus thuringiensis subsp. israelensis strain am65-52	B	collected_name	0	collected_text_n			79
Bacillus thuringiensis subsp. kurstaki strain ABTS 351	bacillus thuringiensis subsp. kurstaki strain abts 351	B	collected_name	0	collected_text_n			80
Bacillus thuringiensis subsp. kurstaki strain EG2348	bacillus thuringiensis subsp. kurstaki strain eg2348	B	collected_name	0	collected_text_n			81
Bacillus thuringiensis subsp. kurstaki strain PB 54	bacillus thuringiensis subsp. kurstaki strain pb 54	B	collected_name	0	collected_text_n			82
Bacillus thuringiensis subsp. kurstaki strain SA11	bacillus thuringiensis subsp. kurstaki strain sa11	B	collected_name	0	collected_text_n			83
Bacillus thuringiensis subsp. kurstaki strain SA12	bacillus thuringiensis subsp. kurstaki strain sa12	B	collected_name	0	collected_text_n			84
Bacillus thuringiensis subsp. tenebrionis NB 176	bacillus thuringiensis subsp. tenebrionis nb 176	B	collected_name	0	collected_text_n			85
Bacillus velezensis strain CL3	bacillus velezensis strain cl3	B	collected_name	0	collected_text_n			86
Bacillus velezensis strain RTI301	bacillus velezensis strain rti301	B	collected_name	0	collected_text_n			87
Beauveria bassiana strain ATCC 74040	beauveria bassiana strain atcc 74040	B	collected_name	0	collected_text_n			88
Beauveria bassiana strain GHA	beauveria bassiana strain gha	B	collected_name	0	collected_text_n			89
Benclothiaz	benclothiaz	B	collected_name	0	collected_text_n			91
Bendiocarb	bendiocarb	B	collected_name	0	collected_text_n			92
Benfuracarb	benfuracarb	B	collected_name	0	collected_text_n			93
Benoxafos	benoxafos	B	collected_name	0	collected_text_n			95
Bensultap	bensultap	B	collected_name	0	collected_text_n			96
Bentioflumin	bentioflumin	B	collected_name	0	collected_text_n			97
Benzoic acid	benzoic acid	B	collected_name	0	collected_text_n			98
Benzpyrimoxan	benzpyrimoxan	B	collected_name	0	collected_text_n			99
Benzyl benzoate	benzyl benzoate	B	collected_name	0	collected_text_n			100
Berberine	berberine	B	collected_name	0	collected_text_n			101
Beta-cyfluthrin	beta-cyfluthrin	B	collected_name	0	collected_text_n			102
Beta-cypermethrin	beta-cypermethrin	B	collected_name	0	collected_text_n			103
Beta-dihydroheptachlor	beta-dihydroheptachlor	B	collected_name	0	collected_text_n			104
Beta-endosulfan	beta-endosulfan	B	collected_name	0	collected_text_n			105
Beta-thujone	beta-thujone	B	collected_name	0	collected_text_n			106
Bifenazate	bifenazate	B	collected_name	0	collected_text_n			107
Bifenthrin	bifenthrin	B	collected_name	0	collected_text_n			108
Binapacryl	binapacryl	B	collected_name	0	collected_text_n			109
Bioallethrin	bioallethrin	B	collected_name	0	collected_text_n			110
Biopermethrin	biopermethrin	B	collected_name	0	collected_text_n			111
Bioresmethrin	bioresmethrin	B	collected_name	0	collected_text_n			112
Bis(2-chloroethyl)ether	bis(2-chloroethyl)ether	B	collected_name	0	collected_text_n			113
Bistrifluron	bistrifluron	B	collected_name	0	collected_text_n			114
Bisulflufen	bisulflufen	B	collected_name	0	collected_text_n			115
Borax	borax	B	collected_name	0	collected_text_n			116
Boric acid	boric acid	B	collected_name	0	collected_text_n			117
Brofenvalerate	brofenvalerate	B	collected_name	0	collected_text_n			118
Broflanilide	broflanilide	B	collected_name	0	collected_text_n			119
Brofluthrinate	brofluthrinate	B	collected_name	0	collected_text_n			120
Bromfenvinfos	bromfenvinfos	B	collected_name	0	collected_text_n			121
Bromocyclen	bromocyclen	B	collected_name	0	collected_text_n			122
Bromomethane	bromomethane	B	collected_name	0	collected_text_n			123
Bromophos	bromophos	B	collected_name	0	collected_text_n			124
Bromophos-ethyl	bromophos-ethyl	B	collected_name	0	collected_text_n			125
Bromopropylate	bromopropylate	B	collected_name	0	collected_text_n			126
Bufencarb	bufencarb	B	collected_name	0	collected_text_n			127
Buprofezin	buprofezin	B	collected_name	0	collected_text_n			128
Busulfan	busulfan	B	collected_name	0	collected_text_n			129
Butathiofos	butathiofos	B	collected_name	0	collected_text_n			130
Butocarboxim	butocarboxim	B	collected_name	0	collected_text_n			131
Butonate	butonate	B	collected_name	0	collected_text_n			132
Butopyronoxyl	butopyronoxyl	B	collected_name	0	collected_text_n			133
Butoxycarboxim	butoxycarboxim	B	collected_name	0	collected_text_n			134
Cadusafos	cadusafos	C	collected_name	0	collected_text_n			135
Caffeine	caffeine	C	collected_name	0	collected_text_n			136
Calcium acetate	calcium acetate	C	collected_name	0	collected_text_n			137
Calcium arsenate	calcium arsenate	C	collected_name	0	collected_text_n			138
Calcium chloride	calcium chloride	C	collected_name	0	collected_text_n			139
Calcium cyanide	calcium cyanide	C	collected_name	0	collected_text_n			140
Calcium hydroxide	calcium hydroxide	C	collected_name	0	collected_text_n			141
Calvinphos	calvinphos	C	collected_name	0	collected_text_n			142
Camphechlor	camphechlor	C	collected_name	0	collected_text_n			143
Camphene	camphene	C	collected_name	0	collected_text_n			144
Camphor	camphor	C	collected_name	0	collected_text_n			145
Canola oil	canola oil	C	collected_name	0	collected_text_n			146
Capric acid	capric acid	C	collected_name	0	collected_text_n			147
Caprylic acid	caprylic acid	C	collected_name	0	collected_text_n			148
Carbanolate	carbanolate	C	collected_name	0	collected_text_n			149
Carbaryl	carbaryl	C	collected_name	0	collected_text_n			150
Carbofuran	carbofuran	C	collected_name	0	collected_text_n			151
Carbon dioxide	carbon dioxide	C	collected_name	0	collected_text_n			152
Carbon disulphide	carbon disulphide	C	collected_name	0	collected_text_n			153
Carbon tetrachloride	carbon tetrachloride	C	collected_name	0	collected_text_n			154
Carbophenothion	carbophenothion	C	collected_name	0	collected_text_n			155
Carbosulfan	carbosulfan	C	collected_name	0	collected_text_n			156
Carboxide	carboxide	C	collected_name	0	collected_text_n			157
Carene	carene	C	collected_name	0	collected_text_n			158
Cartap	cartap	C	collected_name	0	collected_text_n			159
Cartap hydrochloride	cartap hydrochloride	C	collected_name	0	collected_text_n			160
Carvacrol	carvacrol	C	collected_name	0	collected_text_n			161
Caulerpa sertularioides extract	caulerpa sertularioides extract	C	collected_name	0	collected_text_n			162
Cedarwood oil	cedarwood oil	C	collected_name	0	collected_text_n			163
Cedrol	cedrol	C	collected_name	0	collected_text_n			164
Ceralure	ceralure	C	collected_name	0	collected_text_n			165
Chinomethionat	chinomethionat	C	collected_name	0	collected_text_n			166
Chloramidophos	chloramidophos	C	collected_name	0	collected_text_n			167
Chlorantraniliprole	chlorantraniliprole	C	collected_name	0	collected_text_n			168
Chlorbenside	chlorbenside	C	collected_name	0	collected_text_n			169
Chlorbicyclen	chlorbicyclen	C	collected_name	0	collected_text_n			170
Chlordane	chlordane	C	collected_name	0	collected_text_n			171
Chlordecone	chlordecone	C	collected_name	0	collected_text_n			172
Chlordimeform	chlordimeform	C	collected_name	0	collected_text_n			173
Chlordimeform hydrochloride	chlordimeform hydrochloride	C	collected_name	0	collected_text_n			174
Chlorempenthrin	chlorempenthrin	C	collected_name	0	collected_text_n			175
Chlorethoxyfos	chlorethoxyfos	C	collected_name	0	collected_text_n			176
Chlorfenapyr	chlorfenapyr	C	collected_name	0	collected_text_n			177
Chlorfenethol	chlorfenethol	C	collected_name	0	collected_text_n			178
Chlorfenson	chlorfenson	C	collected_name	0	collected_text_n			179
Chlorfensulphide	chlorfensulphide	C	collected_name	0	collected_text_n			180
Chlorfenvinphos	chlorfenvinphos	C	collected_name	0	collected_text_n			181
Chlorfluazuron	chlorfluazuron	C	collected_name	0	collected_text_n			182
Chlormephos	chlormephos	C	collected_name	0	collected_text_n			183
Chlorobenzilate	chlorobenzilate	C	collected_name	0	collected_text_n			184
Chloropicrin	chloropicrin	C	collected_name	0	collected_text_n			185
Chloroprallethrin	chloroprallethrin	C	collected_name	0	collected_text_n			186
Chloropropylate	chloropropylate	C	collected_name	0	collected_text_n			187
Chlorphoxim	chlorphoxim	C	collected_name	0	collected_text_n			188
Chlorprazophos	chlorprazophos	C	collected_name	0	collected_text_n			189
Chlorpyrifos	chlorpyrifos	C	collected_name	0	collected_text_n			190
Chlorpyrifos-methyl	chlorpyrifos-methyl	C	collected_name	0	collected_text_n			191
Chlorthion	chlorthion	C	collected_name	0	collected_text_n			192
Chlorthiophos	chlorthiophos	C	collected_name	0	collected_text_n			193
Chromafenozide	chromafenozide	C	collected_name	0	collected_text_n			194
Cinnamaldehyde	cinnamaldehyde	C	collected_name	0	collected_text_n			195
Cinnamon oil	cinnamon oil	C	collected_name	0	collected_text_n			196
Cinnamyl acetate	cinnamyl acetate	C	collected_name	0	collected_text_n			197
Cis-permethrin	cis-permethrin	C	collected_name	0	collected_text_n			199
Cismethrin	cismethrin	C	collected_name	0	collected_text_n			198
Citral	citral	C	collected_name	0	collected_text_n			200
Citric acid anhydrous	citric acid anhydrous	C	collected_name	0	collected_text_n			201
Citric acid esters of mono- & diglyceride fatty acids	citric acid esters of mono- & diglyceride fatty acids	C	collected_name	0	collected_text_n			202
Citronella oil	citronella oil	C	collected_name	0	collected_text_n			203
Citronellol	citronellol	C	collected_name	0	collected_text_n			204
Cloethocarb	cloethocarb	C	collected_name	0	collected_text_n			205
Clofentezine	clofentezine	C	collected_name	0	collected_text_n			206
Clonostachys rosea f. catenulate	clonostachys rosea f. catenulate	C	collected_name	0	collected_text_n			207
Clonostachys rosea strain J1446	clonostachys rosea strain j1446	C	collected_name	0	collected_text_n			208
Clothianidin	clothianidin	C	collected_name	0	collected_text_n			209
Clove oil	clove oil	C	collected_name	0	collected_text_n			210
Coconut oil	coconut oil	C	collected_name	0	collected_text_n			211
Colophonate	colophonate	C	collected_name	0	collected_text_n			212
Comfrey extract	comfrey extract	C	collected_name	0	collected_text_n			213
Copper acetoarsenite	copper acetoarsenite	C	collected_name	0	collected_text_n			214
Copper naphthenate	copper naphthenate	C	collected_name	0	collected_text_n			215
Cornmint oil	cornmint oil	C	collected_name	0	collected_text_n			216
Cottonseed oil	cottonseed oil	C	collected_name	0	collected_text_n			217
Coumithoate	coumithoate	C	collected_name	0	collected_text_n			218
Cresol	cresol	C	collected_name	0	collected_text_n			219
Crotamiton	crotamiton	C	collected_name	0	collected_text_n			220
Cry10Aa	cry10aa	C	cry_toxin_supplement	1	manual_cry_supplement		Cry toxin supplement added for Bt toxin matching; not asserted here as a registered product record.	806
Cry11Aa	cry11aa	C	cry_toxin_supplement	1	manual_cry_supplement		Cry toxin supplement added for Bt toxin matching; not asserted here as a registered product record.	807
Cry14Ab	cry14ab	C	cry_toxin_supplement	1	manual_cry_supplement		Cry toxin supplement added for Bt toxin matching; not asserted here as a registered product record.	808
Cry1Aa	cry1aa	C	cry_toxin_supplement	1	manual_cry_supplement		Cry toxin supplement added for Bt toxin matching; not asserted here as a registered product record.	777
Cry1Ab	cry1ab	C	cry_toxin_supplement	1	manual_cry_supplement		Cry toxin supplement added for Bt toxin matching; not asserted here as a registered product record.	778
Cry1Ac	cry1ac	C	cry_toxin_supplement	1	manual_cry_supplement		Cry toxin supplement added for Bt toxin matching; not asserted here as a registered product record.	779
Cry1Ad	cry1ad	C	cry_toxin_supplement	1	manual_cry_supplement		Cry toxin supplement added for Bt toxin matching; not asserted here as a registered product record.	780
Cry1Ae	cry1ae	C	cry_toxin_supplement	1	manual_cry_supplement		Cry toxin supplement added for Bt toxin matching; not asserted here as a registered product record.	781
Cry1Af	cry1af	C	cry_toxin_supplement	1	manual_cry_supplement		Cry toxin supplement added for Bt toxin matching; not asserted here as a registered product record.	782
Cry1Ba	cry1ba	C	cry_toxin_supplement	1	manual_cry_supplement		Cry toxin supplement added for Bt toxin matching; not asserted here as a registered product record.	783
Cry1Ca	cry1ca	C	cry_toxin_supplement	1	manual_cry_supplement		Cry toxin supplement added for Bt toxin matching; not asserted here as a registered product record.	784
Cry1Da	cry1da	C	cry_toxin_supplement	1	manual_cry_supplement		Cry toxin supplement added for Bt toxin matching; not asserted here as a registered product record.	785
Cry1Ea	cry1ea	C	cry_toxin_supplement	1	manual_cry_supplement		Cry toxin supplement added for Bt toxin matching; not asserted here as a registered product record.	786
Cry1Fa	cry1fa	C	cry_toxin_supplement	1	manual_cry_supplement		Cry toxin supplement added for Bt toxin matching; not asserted here as a registered product record.	787
Cry1Ia	cry1ia	C	cry_toxin_supplement	1	manual_cry_supplement		Cry toxin supplement added for Bt toxin matching; not asserted here as a registered product record.	788
Cry1Ja	cry1ja	C	cry_toxin_supplement	1	manual_cry_supplement		Cry toxin supplement added for Bt toxin matching; not asserted here as a registered product record.	789
Cry22Aa	cry22aa	C	cry_toxin_supplement	1	manual_cry_supplement		Cry toxin supplement added for Bt toxin matching; not asserted here as a registered product record.	809
Cry2Aa	cry2aa	C	cry_toxin_supplement	1	manual_cry_supplement		Cry toxin supplement added for Bt toxin matching; not asserted here as a registered product record.	790
Cry2Ab	cry2ab	C	cry_toxin_supplement	1	manual_cry_supplement		Cry toxin supplement added for Bt toxin matching; not asserted here as a registered product record.	791
Cry2Ae	cry2ae	C	cry_toxin_supplement	1	manual_cry_supplement		Cry toxin supplement added for Bt toxin matching; not asserted here as a registered product record.	792
Cry34Ab1	cry34ab1	C	cry_toxin_supplement	1	manual_cry_supplement		Cry toxin supplement added for Bt toxin matching; not asserted here as a registered product record.	810
Cry35Ab1	cry35ab1	C	cry_toxin_supplement	1	manual_cry_supplement		Cry toxin supplement added for Bt toxin matching; not asserted here as a registered product record.	811
Cry3Aa	cry3aa	C	cry_toxin_supplement	1	manual_cry_supplement		Cry toxin supplement added for Bt toxin matching; not asserted here as a registered product record.	793
Cry3Ba	cry3ba	C	cry_toxin_supplement	1	manual_cry_supplement		Cry toxin supplement added for Bt toxin matching; not asserted here as a registered product record.	794
Cry3Bb1	cry3bb1	C	cry_toxin_supplement	1	manual_cry_supplement		Cry toxin supplement added for Bt toxin matching; not asserted here as a registered product record.	795
Cry3Ca	cry3ca	C	cry_toxin_supplement	1	manual_cry_supplement		Cry toxin supplement added for Bt toxin matching; not asserted here as a registered product record.	796
Cry3Da	cry3da	C	cry_toxin_supplement	1	manual_cry_supplement		Cry toxin supplement added for Bt toxin matching; not asserted here as a registered product record.	797
Cry4Aa	cry4aa	C	cry_toxin_supplement	1	manual_cry_supplement		Cry toxin supplement added for Bt toxin matching; not asserted here as a registered product record.	798
Cry4Ba	cry4ba	C	cry_toxin_supplement	1	manual_cry_supplement		Cry toxin supplement added for Bt toxin matching; not asserted here as a registered product record.	799
Cry5Ba	cry5ba	C	cry_toxin_supplement	1	manual_cry_supplement		Cry toxin supplement added for Bt toxin matching; not asserted here as a registered product record.	800
Cry6Aa	cry6aa	C	cry_toxin_supplement	1	manual_cry_supplement		Cry toxin supplement added for Bt toxin matching; not asserted here as a registered product record.	801
Cry7Ab	cry7ab	C	cry_toxin_supplement	1	manual_cry_supplement		Cry toxin supplement added for Bt toxin matching; not asserted here as a registered product record.	802
Cry8Ea	cry8ea	C	cry_toxin_supplement	1	manual_cry_supplement		Cry toxin supplement added for Bt toxin matching; not asserted here as a registered product record.	803
Cry9Aa	cry9aa	C	cry_toxin_supplement	1	manual_cry_supplement		Cry toxin supplement added for Bt toxin matching; not asserted here as a registered product record.	804
Cry9Ca	cry9ca	C	cry_toxin_supplement	1	manual_cry_supplement		Cry toxin supplement added for Bt toxin matching; not asserted here as a registered product record.	805
Cry1A	cry1a	C	cry_toxin_fallback	1	manual_cry_fallback		Cry toxin family fallback added for matching dotted or engineered toxin names such as Cry1A.105.	826
Cry1B	cry1b	C	cry_toxin_fallback	1	manual_cry_fallback		Cry toxin family fallback added for matching dotted or engineered toxin names such as Cry1B.868.	827
Cry1C	cry1c	C	cry_toxin_fallback	1	manual_cry_fallback		Cry toxin family fallback added for matching dotted or engineered toxin names.	828
Cry1D	cry1d	C	cry_toxin_fallback	1	manual_cry_fallback		Cry toxin family fallback added for matching dotted or engineered toxin names.	829
Cry1E	cry1e	C	cry_toxin_fallback	1	manual_cry_fallback		Cry toxin family fallback added for matching dotted or engineered toxin names.	830
Cry1F	cry1f	C	cry_toxin_fallback	1	manual_cry_fallback		Cry toxin family fallback added for matching dotted or engineered toxin names such as Cry1F.842.	831
Cry1I	cry1i	C	cry_toxin_fallback	1	manual_cry_fallback		Cry toxin family fallback added for matching dotted or engineered toxin names.	832
Cry1J	cry1j	C	cry_toxin_fallback	1	manual_cry_fallback		Cry toxin family fallback added for matching dotted or engineered toxin names.	833
Cry2A	cry2a	C	cry_toxin_fallback	1	manual_cry_fallback		Cry toxin family fallback added for matching dotted or engineered toxin names.	834
Cry3A	cry3a	C	cry_toxin_fallback	1	manual_cry_fallback		Cry toxin family fallback added for matching dotted or engineered toxin names.	835
Cry3B	cry3b	C	cry_toxin_fallback	1	manual_cry_fallback		Cry toxin family fallback added for matching dotted or engineered toxin names.	836
Cry3C	cry3c	C	cry_toxin_fallback	1	manual_cry_fallback		Cry toxin family fallback added for matching dotted or engineered toxin names.	837
Cry3D	cry3d	C	cry_toxin_fallback	1	manual_cry_fallback		Cry toxin family fallback added for matching dotted or engineered toxin names.	838
Cry4A	cry4a	C	cry_toxin_fallback	1	manual_cry_fallback		Cry toxin family fallback added for matching dotted or engineered toxin names.	839
Cry4B	cry4b	C	cry_toxin_fallback	1	manual_cry_fallback		Cry toxin family fallback added for matching dotted or engineered toxin names.	840
Cry5B	cry5b	C	cry_toxin_fallback	1	manual_cry_fallback		Cry toxin family fallback added for matching dotted or engineered toxin names.	841
Cry6A	cry6a	C	cry_toxin_fallback	1	manual_cry_fallback		Cry toxin family fallback added for matching dotted or engineered toxin names.	842
Cry7A	cry7a	C	cry_toxin_fallback	1	manual_cry_fallback		Cry toxin family fallback added for matching dotted or engineered toxin names.	843
Cry8E	cry8e	C	cry_toxin_fallback	1	manual_cry_fallback		Cry toxin family fallback added for matching dotted or engineered toxin names.	844
Cry9A	cry9a	C	cry_toxin_fallback	1	manual_cry_fallback		Cry toxin family fallback added for matching dotted or engineered toxin names.	845
Cry9C	cry9c	C	cry_toxin_fallback	1	manual_cry_fallback		Cry toxin family fallback added for matching dotted or engineered toxin names.	846
Cry10A	cry10a	C	cry_toxin_fallback	1	manual_cry_fallback		Cry toxin family fallback added for matching dotted or engineered toxin names.	847
Cry11A	cry11a	C	cry_toxin_fallback	1	manual_cry_fallback		Cry toxin family fallback added for matching dotted or engineered toxin names.	848
Cry14A	cry14a	C	cry_toxin_fallback	1	manual_cry_fallback		Cry toxin family fallback added for matching dotted or engineered toxin names.	849
Cry22A	cry22a	C	cry_toxin_fallback	1	manual_cry_fallback		Cry toxin family fallback added for matching dotted or engineered toxin names.	850
Cry34A	cry34a	C	cry_toxin_fallback	1	manual_cry_fallback		Cry toxin family fallback added for matching dotted or engineered toxin names.	851
Cry35A	cry35a	C	cry_toxin_fallback	1	manual_cry_fallback		Cry toxin family fallback added for matching dotted or engineered toxin names.	852
Cuelure	cuelure	C	collected_name	0	collected_text_n			221
Cyanofenphos	cyanofenphos	C	collected_name	0	collected_text_n			222
Cyanogen	cyanogen	C	collected_name	0	collected_text_n			223
Cyanophos	cyanophos	C	collected_name	0	collected_text_n			224
Cyanthoate	cyanthoate	C	collected_name	0	collected_text_n			225
Cyantraniliprole	cyantraniliprole	C	collected_name	0	collected_text_n			226
Cybenzoxasulfyl	cybenzoxasulfyl	C	collected_name	0	collected_text_n			227
Cyclaniliprole	cyclaniliprole	C	collected_name	0	collected_text_n			228
Cyclethrin	cyclethrin	C	collected_name	0	collected_text_n			229
Cycloprate	cycloprate	C	collected_name	0	collected_text_n			230
Cycloproflanilide	cycloproflanilide	C	collected_name	0	collected_text_n			231
Cycloprothrin	cycloprothrin	C	collected_name	0	collected_text_n			232
Cycloxaprid	cycloxaprid	C	collected_name	0	collected_text_n			233
Cyenopyrafen	cyenopyrafen	C	collected_name	0	collected_text_n			234
Cyetpyrafen	cyetpyrafen	C	collected_name	0	collected_text_n			235
Cyflumetofen	cyflumetofen	C	collected_name	0	collected_text_n			236
Cyfluthrin	cyfluthrin	C	collected_name	0	collected_text_n			237
Cyhalodiamide	cyhalodiamide	C	collected_name	0	collected_text_n			238
Cyhalothrin	cyhalothrin	C	collected_name	0	collected_text_n			239
Cyhexatin	cyhexatin	C	collected_name	0	collected_text_n			240
Cymiazol	cymiazol	C	collected_name	0	collected_text_n			241
Cypermethrin	cypermethrin	C	collected_name	0	collected_text_n			242
Cyphenothrin	cyphenothrin	C	collected_name	0	collected_text_n			243
Cyproflanilide	cyproflanilide	C	collected_name	0	collected_text_n			244
Cyromazine	cyromazine	C	collected_name	0	collected_text_n			245
D-camphor	d-camphor	D	collected_name	0	collected_text_n			250
D-D	d-d	D	collected_name	0	collected_text_n			252
D-fanshiluquebingjuzhi	d-fanshiluquebingjuzhi	D	collected_name	0	collected_text_n			268
D-fructose	d-fructose	D	collected_name	0	collected_text_n			270
D-limonene	d-limonene	D	collected_name	0	collected_text_n			327
D-phenothrin	d-phenothrin	D	collected_name	0	collected_text_n			333
Dazomet	dazomet	D	collected_name	0	collected_text_n			248
Dazomet-sodium	dazomet-sodium	D	collected_name	0	collected_text_n			249
DDD	ddd	D	collected_name	0	collected_text_n			253
DDT	ddt	D	collected_name	0	collected_text_n			254
Decarbofuran	decarbofuran	D	collected_name	0	collected_text_n			255
Deltamethrin	deltamethrin	D	collected_name	0	collected_text_n			256
Demephion	demephion	D	collected_name	0	collected_text_n			257
Demephion-O	demephion-o	D	collected_name	0	collected_text_n			258
Demephion-S	demephion-s	D	collected_name	0	collected_text_n			259
Demeton	demeton	D	collected_name	0	collected_text_n			260
Demeton-O	demeton-o	D	collected_name	0	collected_text_n			261
Demeton-O-methyl	demeton-o-methyl	D	collected_name	0	collected_text_n			262
Demeton-O-methyl sulfone	demeton-o-methyl sulfone	D	collected_name	0	collected_text_n			263
Demeton-S	demeton-s	D	collected_name	0	collected_text_n			264
Demeton-S-methyl	demeton-s-methyl	D	collected_name	0	collected_text_n			265
Demeton-S-methyl sulfone	demeton-s-methyl sulfone	D	collected_name	0	collected_text_n			266
Desmethyl-broflanilid	desmethyl-broflanilid	D	collected_name	0	collected_text_n			267
DFDT	dfdt	D	collected_name	0	collected_text_n			269
Di-n-propyl isocinchomeronate	di-n-propyl isocinchomeronate	D	collected_name	0	collected_text_n			315
Diafenthiuron	diafenthiuron	D	collected_name	0	collected_text_n			271
Dialifos	dialifos	D	collected_name	0	collected_text_n			272
Diallyl disulfide	diallyl disulfide	D	collected_name	0	collected_text_n			273
Diamidaphos	diamidaphos	D	collected_name	0	collected_text_n			274
Diammonium phosphate	diammonium phosphate	D	collected_name	0	collected_text_n			275
Diazinon	diazinon	D	collected_name	0	collected_text_n			276
Dibromochloropropane	dibromochloropropane	D	collected_name	0	collected_text_n			277
Dibutyl phthalate	dibutyl phthalate	D	collected_name	0	collected_text_n			278
Dibutyl succinate	dibutyl succinate	D	collected_name	0	collected_text_n			279
Dicapthon	dicapthon	D	collected_name	0	collected_text_n			280
Dichlofenthion	dichlofenthion	D	collected_name	0	collected_text_n			281
Dichlofluanid	dichlofluanid	D	collected_name	0	collected_text_n			282
Dichloromethane	dichloromethane	D	collected_name	0	collected_text_n			283
Dichlorvos	dichlorvos	D	collected_name	0	collected_text_n			284
Diclocymet	diclocymet	D	collected_name	0	collected_text_n			285
Dicloromezotiaz	dicloromezotiaz	D	collected_name	0	collected_text_n			286
Dicrotophos	dicrotophos	D	collected_name	0	collected_text_n			287
Dieldrin	dieldrin	D	collected_name	0	collected_text_n			288
Dienochlor	dienochlor	D	collected_name	0	collected_text_n			289
Diethyltoluamide	diethyltoluamide	D	collected_name	0	collected_text_n			290
Diflovidazin	diflovidazin	D	collected_name	0	collected_text_n			291
Diflubenzuron	diflubenzuron	D	collected_name	0	collected_text_n			292
Dimefluthrin	dimefluthrin	D	collected_name	0	collected_text_n			293
Dimefox	dimefox	D	collected_name	0	collected_text_n			294
Dimepyrolimet	dimepyrolimet	D	collected_name	0	collected_text_n			295
Dimetan	dimetan	D	collected_name	0	collected_text_n			296
Dimethacarb	dimethacarb	D	collected_name	0	collected_text_n			297
Dimethoate	dimethoate	D	collected_name	0	collected_text_n			298
Dimethrin	dimethrin	D	collected_name	0	collected_text_n			299
Dimethyl disulfide	dimethyl disulfide	D	collected_name	0	collected_text_n			300
Dimethyl phthalate	dimethyl phthalate	D	collected_name	0	collected_text_n			301
Dimethyl sulphide	dimethyl sulphide	D	collected_name	0	collected_text_n			302
Dimethylvinphos	dimethylvinphos	D	collected_name	0	collected_text_n			303
Dimpropyridaz	dimpropyridaz	D	collected_name	0	collected_text_n			304
Dinex	dinex	D	collected_name	0	collected_text_n			305
Dinex-diclexine	dinex-diclexine	D	collected_name	0	collected_text_n			306
Dinobuton	dinobuton	D	collected_name	0	collected_text_n			307
Dinocap	dinocap	D	collected_name	0	collected_text_n			308
Dinocap 4	dinocap 4	D	collected_name	0	collected_text_n			309
Dinocap 6	dinocap 6	D	collected_name	0	collected_text_n			310
Dinopenton	dinopenton	D	collected_name	0	collected_text_n			311
Dinosulfon	dinosulfon	D	collected_name	0	collected_text_n			312
Dinotefuran	dinotefuran	D	collected_name	0	collected_text_n			313
Dinoterbon	dinoterbon	D	collected_name	0	collected_text_n			314
Diofenolan	diofenolan	D	collected_name	0	collected_text_n			316
Dioxabenzophos	dioxabenzophos	D	collected_name	0	collected_text_n			317
Dioxacarb	dioxacarb	D	collected_name	0	collected_text_n			318
Dioxathion	dioxathion	D	collected_name	0	collected_text_n			319
Diphenylamine	diphenylamine	D	collected_name	0	collected_text_n			320
Dipropyl disulphide	dipropyl disulphide	D	collected_name	0	collected_text_n			321
Disodium octaborate tetrahydrate	disodium octaborate tetrahydrate	D	collected_name	0	collected_text_n			322
Disulfoton	disulfoton	D	collected_name	0	collected_text_n			323
Disulfoton sulfoxide	disulfoton sulfoxide	D	collected_name	0	collected_text_n			324
Dithicrofos	dithicrofos	D	collected_name	0	collected_text_n			325
Dixanthogen	dixanthogen	D	collected_name	0	collected_text_n			326
DNOC	dnoc	D	collected_name	0	collected_text_n			328
DNOC ammonium	dnoc ammonium	D	collected_name	0	collected_text_n			329
DNOC potassium	dnoc potassium	D	collected_name	0	collected_text_n			330
DNOC sodium	dnoc sodium	D	collected_name	0	collected_text_n			331
Dodecylphenol ethoxylate	dodecylphenol ethoxylate	D	collected_name	0	collected_text_n			332
Emamectin benzoate	emamectin benzoate	E	collected_name	0	collected_text_n			334
Empenthrin	empenthrin	E	collected_name	0	collected_text_n			335
Endo-brevicomin	endo-brevicomin	E	collected_name	0	collected_text_n			336
Endosulfan	endosulfan	E	collected_name	0	collected_text_n			337
Endothion	endothion	E	collected_name	0	collected_text_n			338
Endrin	endrin	E	collected_name	0	collected_text_n			339
EPN	epn	E	collected_name	0	collected_text_n			341
Epofenonane	epofenonane	E	collected_name	0	collected_text_n			342
Epsilon-metofluthrin	epsilon-metofluthrin	E	collected_name	0	collected_text_n			343
Epsilon-momfluorothrin	epsilon-momfluorothrin	E	collected_name	0	collected_text_n			344
Erwinia amylovora HrpN harpin protein	erwinia amylovora hrpn harpin protein	E	collected_name	0	collected_text_n			345
Esfenvalerate	esfenvalerate	E	collected_name	0	collected_text_n			346
Etaphos	etaphos	E	collected_name	0	collected_text_n			347
Ethiofencarb	ethiofencarb	E	collected_name	0	collected_text_n			349
Ethion	ethion	E	collected_name	0	collected_text_n			350
Ethiprole	ethiprole	E	collected_name	0	collected_text_n			351
Ethoate-methyl	ethoate-methyl	E	collected_name	0	collected_text_n			352
Ethohexadiol	ethohexadiol	E	collected_name	0	collected_text_n			353
Ethoprophos	ethoprophos	E	collected_name	0	collected_text_n			354
Ethyl-DDD	ethyl-ddd	E	collected_name	0	collected_text_n			355
Ethylene dibromide	ethylene dibromide	E	collected_name	0	collected_text_n			356
Ethylene dichloride	ethylene dichloride	E	collected_name	0	collected_text_n			357
Ethylene urea	ethylene urea	E	collected_name	0	collected_text_n			358
Etofenprox	etofenprox	E	collected_name	0	collected_text_n			359
Etrimfos	etrimfos	E	collected_name	0	collected_text_n			360
Eugenol	eugenol	E	collected_name	0	collected_text_n			361
Exo-brevicomin	exo-brevicomin	E	collected_name	0	collected_text_n			362
Farnesol	farnesol	F	collected_name	0	collected_text_n			363
Fatty acids (generic C7-C18)	fatty acids (generic c7-c18)	F	collected_name	0	collected_text_n			364
Fatty acids unsaturated potassium salts (generic C7-C18)	fatty acids unsaturated potassium salts (generic c7-c18)	F	collected_name	0	collected_text_n			365
Fenazaflor	fenazaflor	F	collected_name	0	collected_text_n			366
Fenazaquin	fenazaquin	F	collected_name	0	collected_text_n			367
Fenbutatin oxide	fenbutatin oxide	F	collected_name	0	collected_text_n			368
Fenchlorphos	fenchlorphos	F	collected_name	0	collected_text_n			369
Fenethacarb	fenethacarb	F	collected_name	0	collected_text_n			370
Fenfluthrin	fenfluthrin	F	collected_name	0	collected_text_n			371
Fenitrothion	fenitrothion	F	collected_name	0	collected_text_n			372
Fenmezoditiaz	fenmezoditiaz	F	collected_name	0	collected_text_n			373
Fenobucarb	fenobucarb	F	collected_name	0	collected_text_n			374
Fenothiocarb	fenothiocarb	F	collected_name	0	collected_text_n			375
Fenoxycarb	fenoxycarb	F	collected_name	0	collected_text_n			376
Fenpirithrin	fenpirithrin	F	collected_name	0	collected_text_n			377
Fenpropathrin	fenpropathrin	F	collected_name	0	collected_text_n			378
Fenpyroximate	fenpyroximate	F	collected_name	0	collected_text_n			379
Fenson	fenson	F	collected_name	0	collected_text_n			380
Fensulfothion	fensulfothion	F	collected_name	0	collected_text_n			381
Fenthion	fenthion	F	collected_name	0	collected_text_n			382
Fenthion oxon	fenthion oxon	F	collected_name	0	collected_text_n			383
Fenthion sulfoxide	fenthion sulfoxide	F	collected_name	0	collected_text_n			384
Fenthion-ethyl	fenthion-ethyl	F	collected_name	0	collected_text_n			385
Fenvalerate	fenvalerate	F	collected_name	0	collected_text_n			386
Fipronil	fipronil	F	collected_name	0	collected_text_n			387
Flometoquin	flometoquin	F	collected_name	0	collected_text_n			388
Flonicamid	flonicamid	F	collected_name	0	collected_text_n			389
Fluacrypyrim	fluacrypyrim	F	collected_name	0	collected_text_n			390
Fluazaindolizine	fluazaindolizine	F	collected_name	0	collected_text_n			391
Flubendiamide	flubendiamide	F	collected_name	0	collected_text_n			392
Flubenzimine	flubenzimine	F	collected_name	0	collected_text_n			393
Fluchlordiniliprole	fluchlordiniliprole	F	collected_name	0	collected_text_n			394
Flucofuron	flucofuron	F	collected_name	0	collected_text_n			395
Flucycloxuron	flucycloxuron	F	collected_name	0	collected_text_n			396
Flucythrinate	flucythrinate	F	collected_name	0	collected_text_n			397
Fluenetil	fluenetil	F	collected_name	0	collected_text_n			398
Flufenerim	flufenerim	F	collected_name	0	collected_text_n			399
Flufenoxuron	flufenoxuron	F	collected_name	0	collected_text_n			400
Flufenprox	flufenprox	F	collected_name	0	collected_text_n			401
Flufiprole	flufiprole	F	collected_name	0	collected_text_n			402
Flumetnicam	flumetnicam	F	collected_name	0	collected_text_n			403
Fluorbenside	fluorbenside	F	collected_name	0	collected_text_n			404
Fluoroacetamide	fluoroacetamide	F	collected_name	0	collected_text_n			405
Flupentiofenox	flupentiofenox	F	collected_name	0	collected_text_n			406
Flupyradifurone	flupyradifurone	F	collected_name	0	collected_text_n			407
Flupyrimin	flupyrimin	F	collected_name	0	collected_text_n			408
Flupyroxystrobin	flupyroxystrobin	F	collected_name	0	collected_text_n			409
Fluvalinate	fluvalinate	F	collected_name	0	collected_text_n			410
Fluxametamide	fluxametamide	F	collected_name	0	collected_text_n			411
Fonofos	fonofos	F	collected_name	0	collected_text_n			412
Formetanate	formetanate	F	collected_name	0	collected_text_n			413
Formetanate hydrochloride	formetanate hydrochloride	F	collected_name	0	collected_text_n			414
Formic acid	formic acid	F	collected_name	0	collected_text_n			415
Formothion	formothion	F	collected_name	0	collected_text_n			416
Formparanate	formparanate	F	collected_name	0	collected_text_n			417
Fosmethilan	fosmethilan	F	collected_name	0	collected_text_n			418
Fospirate	fospirate	F	collected_name	0	collected_text_n			419
Fosthiazate	fosthiazate	F	collected_name	0	collected_text_n			420
Fosthietan	fosthietan	F	collected_name	0	collected_text_n			421
Frontalin	frontalin	F	collected_name	0	collected_text_n			422
Fufenozide	fufenozide	F	collected_name	0	collected_text_n			423
Fumanliumi	fumanliumi	F	collected_name	0	collected_text_n			424
Furathiocarb	furathiocarb	F	collected_name	0	collected_text_n			425
Furethrin	furethrin	F	collected_name	0	collected_text_n			426
Gamma-cyhalothrin	gamma-cyhalothrin	G	collected_name	0	collected_text_n			427
Garlic oil	garlic oil	G	collected_name	0	collected_text_n			428
Geranial	geranial	G	collected_name	0	collected_text_n			429
Geraniol	geraniol	G	collected_name	0	collected_text_n			430
Geranium oil	geranium oil	G	collected_name	0	collected_text_n			431
Ginger extract	ginger extract	G	collected_name	0	collected_text_n			432
Gingerol	gingerol	G	collected_name	0	collected_text_n			433
Glyceryl caprylate	glyceryl caprylate	G	collected_name	0	collected_text_n			434
Guadipyr	guadipyr	G	collected_name	0	collected_text_n			435
Halfenprox	halfenprox	H	collected_name	0	collected_text_n			436
Halofenozide	halofenozide	H	collected_name	0	collected_text_n			437
Heptachlor	heptachlor	H	collected_name	0	collected_text_n			438
Heptafluthrin	heptafluthrin	H	collected_name	0	collected_text_n			439
Heptenophos	heptenophos	H	collected_name	0	collected_text_n			440
Heterophos	heterophos	H	collected_name	0	collected_text_n			441
Hexachlorocyclohexane	hexachlorocyclohexane	H	collected_name	0	collected_text_n			442
Hexachlorophene	hexachlorophene	H	collected_name	0	collected_text_n			443
Hexadecanoic acid	hexadecanoic acid	H	collected_name	0	collected_text_n			444
Hexaflumuron	hexaflumuron	H	collected_name	0	collected_text_n			445
Hexythiazox	hexythiazox	H	collected_name	0	collected_text_n			446
Hydramethylnon	hydramethylnon	H	collected_name	0	collected_text_n			447
Hydroprene	hydroprene	H	collected_name	0	collected_text_n			448
Hydroxypropyl distarch phosphate	hydroxypropyl distarch phosphate	H	collected_name	0	collected_text_n			449
Hyquincarb	hyquincarb	H	collected_name	0	collected_text_n			450
Icaridin	icaridin	I	collected_name	0	collected_text_n			451
Imidacloprid	imidacloprid	I	collected_name	0	collected_text_n			452
Imidaclothiz	imidaclothiz	I	collected_name	0	collected_text_n			453
Imiprothrin	imiprothrin	I	collected_name	0	collected_text_n			454
Indazapyroxamet	indazapyroxamet	I	collected_name	0	collected_text_n			455
Indoxacarb	indoxacarb	I	collected_name	0	collected_text_n			456
Iodofenphos	iodofenphos	I	collected_name	0	collected_text_n			457
Iodomethane	iodomethane	I	collected_name	0	collected_text_n			458
Isamidofos	isamidofos	I	collected_name	0	collected_text_n			460
Isazofos	isazofos	I	collected_name	0	collected_text_n			461
Isobenzan	isobenzan	I	collected_name	0	collected_text_n			462
Isobornyl thiocyanoacetate	isobornyl thiocyanoacetate	I	collected_name	0	collected_text_n			463
Isocarbophos	isocarbophos	I	collected_name	0	collected_text_n			464
Isocycloseram	isocycloseram	I	collected_name	0	collected_text_n			465
Isodrin	isodrin	I	collected_name	0	collected_text_n			466
Isofenphos	isofenphos	I	collected_name	0	collected_text_n			467
Isofenphos-methyl	isofenphos-methyl	I	collected_name	0	collected_text_n			468
Isoflualanam	isoflualanam	I	collected_name	0	collected_text_n			469
Isolan	isolan	I	collected_name	0	collected_text_n			470
Isomalathion	isomalathion	I	collected_name	0	collected_text_n			471
Isoprocarb	isoprocarb	I	collected_name	0	collected_text_n			472
Isoprothiolane	isoprothiolane	I	collected_name	0	collected_text_n			473
Isothioate	isothioate	I	collected_name	0	collected_text_n			474
Isoxathion	isoxathion	I	collected_name	0	collected_text_n			475
Jasmone	jasmone	J	collected_name	0	collected_text_n			476
Jojoba oil	jojoba oil	J	collected_name	0	collected_text_n			477
Kadethrin	kadethrin	K	collected_name	0	collected_text_n			478
Kaolin	kaolin	K	collected_name	0	collected_text_n			479
Kaolin calcined	kaolin calcined	K	collected_name	0	collected_text_n			480
Kappa-bifenthrin	kappa-bifenthrin	K	collected_name	0	collected_text_n			481
Kappa-tefluthrin	kappa-tefluthrin	K	collected_name	0	collected_text_n			482
Kelevan	kelevan	K	collected_name	0	collected_text_n			483
Khusimol	khusimol	K	collected_name	0	collected_text_n			484
Kieselgur	kieselgur	K	collected_name	0	collected_text_n			485
Kinoprene	kinoprene	K	collected_name	0	collected_text_n			486
Lactic acid	lactic acid	L	collected_name	0	collected_text_n			487
Lambda-cyhalothrin	lambda-cyhalothrin	L	collected_name	0	collected_text_n			488
Lavandulyl senecioate	lavandulyl senecioate	L	collected_name	0	collected_text_n			489
Lead arsenate	lead arsenate	L	collected_name	0	collected_text_n			490
Lemongrass oil	lemongrass oil	L	collected_name	0	collected_text_n			491
Leptophos	leptophos	L	collected_name	0	collected_text_n			492
Lime sulphur	lime sulphur	L	collected_name	0	collected_text_n			493
Linalool	linalool	L	collected_name	0	collected_text_n			494
Lindane	lindane	L	collected_name	0	collected_text_n			495
Linoleic acid	linoleic acid	L	collected_name	0	collected_text_n			496
Linseed oil	linseed oil	L	collected_name	0	collected_text_n			497
Lithium perfluorooctane sulfonate	lithium perfluorooctane sulfonate	L	collected_name	0	collected_text_n			498
Lufenuron	lufenuron	L	collected_name	0	collected_text_n			499
Lythidathion	lythidathion	L	collected_name	0	collected_text_n			500
M-cumenyl methylcarbamate	m-cumenyl methylcarbamate	M	collected_name	0	collected_text_n			508
Magnesium phosphide	magnesium phosphide	M	collected_name	0	collected_text_n			501
Malathion	malathion	M	collected_name	0	collected_text_n			502
Malonoben	malonoben	M	collected_name	0	collected_text_n			503
Maltodextrin	maltodextrin	M	collected_name	0	collected_text_n			504
MaSAMP	masamp	M	collected_name	0	collected_text_n			505
Matrine	matrine	M	collected_name	0	collected_text_n			506
Mazidox	mazidox	M	collected_name	0	collected_text_n			507
Mecarbam	mecarbam	M	collected_name	0	collected_text_n			509
Mecarphon	mecarphon	M	collected_name	0	collected_text_n			510
Medlure	medlure	M	collected_name	0	collected_text_n			511
Menazon	menazon	M	collected_name	0	collected_text_n			512
Menthol	menthol	M	collected_name	0	collected_text_n			513
Meperfluthrin	meperfluthrin	M	collected_name	0	collected_text_n			514
Mephosfolan	mephosfolan	M	collected_name	0	collected_text_n			515
Mercurous chloride	mercurous chloride	M	collected_name	0	collected_text_n			516
Metaflumizone	metaflumizone	M	collected_name	0	collected_text_n			517
Metam	metam	M	collected_name	0	collected_text_n			518
Metam-ammonium	metam-ammonium	M	collected_name	0	collected_text_n			519
Metam-potassium	metam-potassium	M	collected_name	0	collected_text_n			520
Metam-sodium	metam-sodium	M	collected_name	0	collected_text_n			521
Metarhizium brunneun strain Cb15-III	metarhizium brunneun strain cb15-iii	M	collected_name	0	collected_text_n			522
Metepa	metepa	M	collected_name	0	collected_text_n			523
Methacrifos	methacrifos	M	collected_name	0	collected_text_n			524
Methamidophos	methamidophos	M	collected_name	0	collected_text_n			525
Methidathion	methidathion	M	collected_name	0	collected_text_n			526
Methiocarb	methiocarb	M	collected_name	0	collected_text_n			527
Methiotepa	methiotepa	M	collected_name	0	collected_text_n			528
Methocrotophos	methocrotophos	M	collected_name	0	collected_text_n			529
Methomyl	methomyl	M	collected_name	0	collected_text_n			530
Methoprene	methoprene	M	collected_name	0	collected_text_n			531
Methoxychlor	methoxychlor	M	collected_name	0	collected_text_n			532
Methoxyfenozide	methoxyfenozide	M	collected_name	0	collected_text_n			533
Methyl isothiocyanate	methyl isothiocyanate	M	collected_name	0	collected_text_n			534
Methyl jasmonate	methyl jasmonate	M	collected_name	0	collected_text_n			535
Methylacetophos	methylacetophos	M	collected_name	0	collected_text_n			536
Methyleugenol	methyleugenol	M	collected_name	0	collected_text_n			537
Metofluthrin	metofluthrin	M	collected_name	0	collected_text_n			538
Metolcarb	metolcarb	M	collected_name	0	collected_text_n			539
Metoxadiazone	metoxadiazone	M	collected_name	0	collected_text_n			540
Mevinphos	mevinphos	M	collected_name	0	collected_text_n			541
Mexacarbate	mexacarbate	M	collected_name	0	collected_text_n			542
Mipafox	mipafox	M	collected_name	0	collected_text_n			543
Mirex	mirex	M	collected_name	0	collected_text_n			544
Momfluorothrin	momfluorothrin	M	collected_name	0	collected_text_n			545
Monocrotophos	monocrotophos	M	collected_name	0	collected_text_n			546
Monounsaturated fatty acid esters	monounsaturated fatty acid esters	M	collected_name	0	collected_text_n			547
Moringa oleifera extract	moringa oleifera extract	M	collected_name	0	collected_text_n			548
Morphothion	morphothion	M	collected_name	0	collected_text_n			549
Myristyl acetate	myristyl acetate	M	collected_name	0	collected_text_n			550
Myristyl alcohol	myristyl alcohol	M	collected_name	0	collected_text_n			551
N-bromoacetamide	n-bromoacetamide	N	collected_name	0	collected_text_n			555
N-methylneodecanamide	n-methylneodecanamide	N	collected_name	0	collected_text_n			564
N-nitrosodimethylamine	n-nitrosodimethylamine	N	collected_name	0	collected_text_n			565
Naftalofos	naftalofos	N	collected_name	0	collected_text_n			552
Naled	naled	N	collected_name	0	collected_text_n			553
Nanosilver-silica composite	nanosilver-silica composite	N	collected_name	0	collected_text_n			554
Neodiprion lecontei nucleopolyhedrovirus	neodiprion lecontei nucleopolyhedrovirus	N	collected_name	0	collected_text_n			556
Neodiprion sertifer nucleopolyhedrovirus	neodiprion sertifer nucleopolyhedrovirus	N	collected_name	0	collected_text_n			557
Nepeta cataria oil	nepeta cataria oil	N	collected_name	0	collected_text_n			558
Nerolidol	nerolidol	N	collected_name	0	collected_text_n			559
Nicofluprole	nicofluprole	N	collected_name	0	collected_text_n			560
Nitenpyram	nitenpyram	N	collected_name	0	collected_text_n			561
Nithiazine	nithiazine	N	collected_name	0	collected_text_n			562
Nitrilacarb	nitrilacarb	N	collected_name	0	collected_text_n			563
Nornicotine	nornicotine	N	collected_name	0	collected_text_n			566
Novaluron	novaluron	N	collected_name	0	collected_text_n			567
Noviflumuron	noviflumuron	N	collected_name	0	collected_text_n			568
O,O'-DDT	o,o'-ddt	O	collected_name	0	collected_text_n			569
O,P'-DDT	o,p'-ddt	O	collected_name	0	collected_text_n			570
Octachlorodipropyl ether	octachlorodipropyl ether	O	collected_name	0	collected_text_n			571
Oleic acid	oleic acid	O	collected_name	0	collected_text_n			572
Omethoate	omethoate	O	collected_name	0	collected_text_n			573
Onion oil	onion oil	O	collected_name	0	collected_text_n			574
Orange oil	orange oil	O	collected_name	0	collected_text_n			575
Oregano oil	oregano oil	O	collected_name	0	collected_text_n			576
Oxamyl	oxamyl	O	collected_name	0	collected_text_n			577
Oxazosulfyl	oxazosulfyl	O	collected_name	0	collected_text_n			578
Oxydemeton-methyl	oxydemeton-methyl	O	collected_name	0	collected_text_n			579
Oxydeprofos	oxydeprofos	O	collected_name	0	collected_text_n			580
P,P'-DDT	p,p'-ddt	P	collected_name	0	collected_text_n			582
P,P-bis(aziridin-1-yl)-N-methylphosphinothioic amide	p,p-bis(aziridin-1-yl)-n-methylphosphinothioic amide	P	collected_name	0	collected_text_n			581
Paichongding	paichongding	P	collected_name	0	collected_text_n			583
Paraffin oil (CAS No. 64741-88-4)	paraffin oil (cas no. 64741-88-4)	P	collected_name	0	collected_text_n			584
Paraffin oil (CAS No. 64741-89-5)	paraffin oil (cas no. 64741-89-5)	P	collected_name	0	collected_text_n			585
Paraffin oil (CAS No. 64741-97-5)	paraffin oil (cas no. 64741-97-5)	P	collected_name	0	collected_text_n			586
Paraffin oil (CAS No. 64742-46-7)	paraffin oil (cas no. 64742-46-7)	P	collected_name	0	collected_text_n			587
Paraffin oil (CAS No. 64742-54-7)	paraffin oil (cas no. 64742-54-7)	P	collected_name	0	collected_text_n			588
Paraffin oil (CAS No. 64742-55-8)	paraffin oil (cas no. 64742-55-8)	P	collected_name	0	collected_text_n			589
Paraffin oil (CAS No. 64742-65-0)	paraffin oil (cas no. 64742-65-0)	P	collected_name	0	collected_text_n			590
Paraffin oil (CAS No. 72623-86-0)	paraffin oil (cas no. 72623-86-0)	P	collected_name	0	collected_text_n			591
Paraffin oil (CAS No. 8012-95-1)	paraffin oil (cas no. 8012-95-1)	P	collected_name	0	collected_text_n			592
Paraffin oil (CAS No. 97862-82-3)	paraffin oil (cas no. 97862-82-3)	P	collected_name	0	collected_text_n			593
Paraffin oil (CAS No: 8042-47-5)	paraffin oil (cas no: 8042-47-5)	P	collected_name	0	collected_text_n			594
Parathion-ethyl	parathion-ethyl	P	collected_name	0	collected_text_n			595
Parathion-methyl	parathion-methyl	P	collected_name	0	collected_text_n			596
Penfluron	penfluron	P	collected_name	0	collected_text_n			597
Pennyroyal oil	pennyroyal oil	P	collected_name	0	collected_text_n			598
Pentachlorophenol	pentachlorophenol	P	collected_name	0	collected_text_n			599
Peppermint oil	peppermint oil	P	collected_name	0	collected_text_n			600
Permethrin	permethrin	P	collected_name	0	collected_text_n			601
Phenkapton	phenkapton	P	collected_name	0	collected_text_n			602
Phenthoate	phenthoate	P	collected_name	0	collected_text_n			603
Phorate	phorate	P	collected_name	0	collected_text_n			604
Phosalone	phosalone	P	collected_name	0	collected_text_n			605
Phosfolan	phosfolan	P	collected_name	0	collected_text_n			606
Phosmet	phosmet	P	collected_name	0	collected_text_n			607
Phosnichlor	phosnichlor	P	collected_name	0	collected_text_n			608
Phosphamidon	phosphamidon	P	collected_name	0	collected_text_n			609
Phosphane	phosphane	P	collected_name	0	collected_text_n			610
Phoxim	phoxim	P	collected_name	0	collected_text_n			611
Pioxaniliprole	pioxaniliprole	P	collected_name	0	collected_text_n			612
Piperflanilide	piperflanilide	P	collected_name	0	collected_text_n			613
Pirimicarb	pirimicarb	P	collected_name	0	collected_text_n			614
Pirimiphos-ethyl	pirimiphos-ethyl	P	collected_name	0	collected_text_n			615
Pirimiphos-methyl	pirimiphos-methyl	P	collected_name	0	collected_text_n			616
Plifenate	plifenate	P	collected_name	0	collected_text_n			617
Potassium oleate	potassium oleate	P	collected_name	0	collected_text_n			618
Potassium silicate	potassium silicate	P	collected_name	0	collected_text_n			619
Prallethrin	prallethrin	P	collected_name	0	collected_text_n			620
Profenofos	profenofos	P	collected_name	0	collected_text_n			621
Profluthrin	profluthrin	P	collected_name	0	collected_text_n			622
Promacyl	promacyl	P	collected_name	0	collected_text_n			623
Promecarb	promecarb	P	collected_name	0	collected_text_n			624
Propaphos	propaphos	P	collected_name	0	collected_text_n			625
Propargite	propargite	P	collected_name	0	collected_text_n			626
Propetamphos	propetamphos	P	collected_name	0	collected_text_n			627
Propoxur	propoxur	P	collected_name	0	collected_text_n			628
Propylene oxide	propylene oxide	P	collected_name	0	collected_text_n			629
Prothidathion	prothidathion	P	collected_name	0	collected_text_n			630
Prothiofos	prothiofos	P	collected_name	0	collected_text_n			631
Prothoate	prothoate	P	collected_name	0	collected_text_n			632
Protrifenbute	protrifenbute	P	collected_name	0	collected_text_n			633
Pulegone	pulegone	P	collected_name	0	collected_text_n			634
Pyflubumide	pyflubumide	P	collected_name	0	collected_text_n			635
Pymetrozine	pymetrozine	P	collected_name	0	collected_text_n			636
Pyraclofos	pyraclofos	P	collected_name	0	collected_text_n			637
Pyrafluprole	pyrafluprole	P	collected_name	0	collected_text_n			638
Pyramat	pyramat	P	collected_name	0	collected_text_n			639
Pyridaben	pyridaben	P	collected_name	0	collected_text_n			640
Pyridafenthion	pyridafenthion	P	collected_name	0	collected_text_n			641
Pyridalyl	pyridalyl	P	collected_name	0	collected_text_n			642
Pyrifluquinazon	pyrifluquinazon	P	collected_name	0	collected_text_n			643
Pyrimidifen	pyrimidifen	P	collected_name	0	collected_text_n			644
Pyriminostrobin	pyriminostrobin	P	collected_name	0	collected_text_n			645
Pyriproxyfen	pyriproxyfen	P	collected_name	0	collected_text_n			646
QRD-460 Terpenoid blend	qrd-460 terpenoid blend	Q	collected_name	0	collected_text_n			647
Quassia amara wood extract	quassia amara wood extract	Q	collected_name	0	collected_text_n			648
Quassin	quassin	Q	collected_name	0	collected_text_n			649
Quillaic acid	quillaic acid	Q	collected_name	0	collected_text_n			650
Quinalphos	quinalphos	Q	collected_name	0	collected_text_n			651
Quinothion	quinothion	Q	collected_name	0	collected_text_n			652
Quintiofos	quintiofos	Q	collected_name	0	collected_text_n			653
Quwenzhi	quwenzhi	Q	collected_name	0	collected_text_n			654
Rapeseed oil	rapeseed oil	R	collected_name	0	collected_text_n			655
Renofluthrin	renofluthrin	R	collected_name	0	collected_text_n			656
Resmethrin	resmethrin	R	collected_name	0	collected_text_n			657
Rosemary oil	rosemary oil	R	collected_name	0	collected_text_n			658
Rosmarinic acid	rosmarinic acid	R	collected_name	0	collected_text_n			659
S-bioallethrin	s-bioallethrin	S	collected_name	0	collected_text_n			662
S-hydroprene	s-hydroprene	S	collected_name	0	collected_text_n			666
S-methoprene	s-methoprene	S	collected_name	0	collected_text_n			669
Sainfoin dried	sainfoin dried	S	collected_name	0	collected_text_n			660
Sanguinarine	sanguinarine	S	collected_name	0	collected_text_n			661
Schradan	schradan	S	collected_name	0	collected_text_n			663
Semiamitraz hydrochloride	semiamitraz hydrochloride	S	collected_name	0	collected_text_n			664
Sesame oil	sesame oil	S	collected_name	0	collected_text_n			665
Silafluofen	silafluofen	S	collected_name	0	collected_text_n			667
Silica	silica	S	collected_name	0	collected_text_n			668
Sodium cyanide	sodium cyanide	S	collected_name	0	collected_text_n			670
Sodium ferric EDTA	sodium ferric edta	S	collected_name	0	collected_text_n			671
Sodium hexafluorosilicate	sodium hexafluorosilicate	S	collected_name	0	collected_text_n			672
Sodium lauryl sulphate	sodium lauryl sulphate	S	collected_name	0	collected_text_n			673
Sodium metaborate	sodium metaborate	S	collected_name	0	collected_text_n			674
Sodium tetraborate pentahydrate	sodium tetraborate pentahydrate	S	collected_name	0	collected_text_n			675
Sodium tetrathiocarbonate	sodium tetrathiocarbonate	S	collected_name	0	collected_text_n			676
Sorbitan fatty acid esters	sorbitan fatty acid esters	S	collected_name	0	collected_text_n			677
Soybean oil	soybean oil	S	collected_name	0	collected_text_n			678
Spearmint oil	spearmint oil	S	collected_name	0	collected_text_n			679
Spidoxamat	spidoxamat	S	collected_name	0	collected_text_n			680
Spinetoram	spinetoram	S	collected_name	0	collected_text_n			681
Spinetoram J	spinetoram j	S	collected_name	0	collected_text_n			682
Spirobudifen	spirobudifen	S	collected_name	0	collected_text_n			683
Spirodiclofen	spirodiclofen	S	collected_name	0	collected_text_n			684
Spiromesifen	spiromesifen	S	collected_name	0	collected_text_n			685
Spiropidion	spiropidion	S	collected_name	0	collected_text_n			686
Spirotetramat	spirotetramat	S	collected_name	0	collected_text_n			687
Star anise oil	star anise oil	S	collected_name	0	collected_text_n			688
Strobane	strobane	S	collected_name	0	collected_text_n			689
Sucrose	sucrose	S	collected_name	0	collected_text_n			690
Sucrose octanoate	sucrose octanoate	S	collected_name	0	collected_text_n			691
Sulcofuron	sulcofuron	S	collected_name	0	collected_text_n			692
Sulcofuron-sodium	sulcofuron-sodium	S	collected_name	0	collected_text_n			693
Sulfiflumin	sulfiflumin	S	collected_name	0	collected_text_n			694
Sulfiram	sulfiram	S	collected_name	0	collected_text_n			695
Sulfluramid	sulfluramid	S	collected_name	0	collected_text_n			696
Sulfotep	sulfotep	S	collected_name	0	collected_text_n			697
Sulfoxaflor	sulfoxaflor	S	collected_name	0	collected_text_n			698
Sulfoxamyl	sulfoxamyl	S	collected_name	0	collected_text_n			699
Sulfuryl fluoride	sulfuryl fluoride	S	collected_name	0	collected_text_n			700
Sulphonated cod liver oil	sulphonated cod liver oil	S	collected_name	0	collected_text_n			701
Sulprofos	sulprofos	S	collected_name	0	collected_text_n			702
Sumithrin	sumithrin	S	collected_name	0	collected_text_n			703
Talc E553B	talc e553b	T	collected_name	0	collected_text_n			704
Tall oil, potassium salt	tall oil, potassium salt	T	collected_name	0	collected_text_n			705
Tartar emetic	tartar emetic	T	collected_name	0	collected_text_n			706
Tau-fluvalinate	tau-fluvalinate	T	collected_name	0	collected_text_n			707
Tebufenozide	tebufenozide	T	collected_name	0	collected_text_n			708
Tebufenpyrad	tebufenpyrad	T	collected_name	0	collected_text_n			709
Tebupirimfos	tebupirimfos	T	collected_name	0	collected_text_n			710
Teflubenzuron	teflubenzuron	T	collected_name	0	collected_text_n			711
Tefluthrin	tefluthrin	T	collected_name	0	collected_text_n			712
Temephos	temephos	T	collected_name	0	collected_text_n			713
Terallethrin	terallethrin	T	collected_name	0	collected_text_n			714
Terbufos	terbufos	T	collected_name	0	collected_text_n			715
Terpinolene	terpinolene	T	collected_name	0	collected_text_n			716
Tetrachlorvinphos	tetrachlorvinphos	T	collected_name	0	collected_text_n			717
Tetradifon	tetradifon	T	collected_name	0	collected_text_n			718
Tetraethyl pyrophosphate	tetraethyl pyrophosphate	T	collected_name	0	collected_text_n			719
Tetramethrin	tetramethrin	T	collected_name	0	collected_text_n			720
Tetramethylfluthrin	tetramethylfluthrin	T	collected_name	0	collected_text_n			721
Tetraniliprole	tetraniliprole	T	collected_name	0	collected_text_n			722
Tetrasul	tetrasul	T	collected_name	0	collected_text_n			723
Thallium sulphate	thallium sulphate	T	collected_name	0	collected_text_n			724
Theta-cypermethrin	theta-cypermethrin	T	collected_name	0	collected_text_n			725
Thiacloprid	thiacloprid	T	collected_name	0	collected_text_n			726
Thiamethoxam	thiamethoxam	T	collected_name	0	collected_text_n			727
Thiapronil	thiapronil	T	collected_name	0	collected_text_n			728
Thiocarboxime	thiocarboxime	T	collected_name	0	collected_text_n			729
Thiocyclam	thiocyclam	T	collected_name	0	collected_text_n			730
Thiocyclam hydrochloride	thiocyclam hydrochloride	T	collected_name	0	collected_text_n			731
Thiocyclam oxalate	thiocyclam oxalate	T	collected_name	0	collected_text_n			732
Thiodicarb	thiodicarb	T	collected_name	0	collected_text_n			733
Thiofanox	thiofanox	T	collected_name	0	collected_text_n			734
Thiometon	thiometon	T	collected_name	0	collected_text_n			735
Thionazin	thionazin	T	collected_name	0	collected_text_n			736
Thioquinox	thioquinox	T	collected_name	0	collected_text_n			737
Thiosultap	thiosultap	T	collected_name	0	collected_text_n			738
Thiosultap-disodium	thiosultap-disodium	T	collected_name	0	collected_text_n			739
Thiosultap-monosodium	thiosultap-monosodium	T	collected_name	0	collected_text_n			740
Thiourea	thiourea	T	collected_name	0	collected_text_n			741
Thymol	thymol	T	collected_name	0	collected_text_n			742
Tiapyrachlor	tiapyrachlor	T	collected_name	0	collected_text_n			743
Tiorantraniliprole	tiorantraniliprole	T	collected_name	0	collected_text_n			744
Tirpate	tirpate	T	collected_name	0	collected_text_n			745
Tolfenpyrad	tolfenpyrad	T	collected_name	0	collected_text_n			746
Tralocythrin	tralocythrin	T	collected_name	0	collected_text_n			747
Tralomethrin	tralomethrin	T	collected_name	0	collected_text_n			748
Tralopyril	tralopyril	T	collected_name	0	collected_text_n			749
Trans-verbenol	trans-verbenol	T	collected_name	0	collected_text_n			752
Transfluthrin	transfluthrin	T	collected_name	0	collected_text_n			750
Transpermethrin	transpermethrin	T	collected_name	0	collected_text_n			751
Triarathene	triarathene	T	collected_name	0	collected_text_n			753
Triazamate	triazamate	T	collected_name	0	collected_text_n			754
Triazophos	triazophos	T	collected_name	0	collected_text_n			755
Trichlorfon	trichlorfon	T	collected_name	0	collected_text_n			756
Trichloronate	trichloronate	T	collected_name	0	collected_text_n			757
Trifenmorph	trifenmorph	T	collected_name	0	collected_text_n			758
Trifenofos	trifenofos	T	collected_name	0	collected_text_n			759
Trifluenfuronate	trifluenfuronate	T	collected_name	0	collected_text_n			760
Triflumezopyrim	triflumezopyrim	T	collected_name	0	collected_text_n			761
Triflumuron	triflumuron	T	collected_name	0	collected_text_n			762
Trimedlure	trimedlure	T	collected_name	0	collected_text_n			763
Trimethacarb	trimethacarb	T	collected_name	0	collected_text_n			764
Trioxyflanilide	trioxyflanilide	T	collected_name	0	collected_text_n			765
Triprene	triprene	T	collected_name	0	collected_text_n			766
Tyclopyrazoflor	tyclopyrazoflor	T	collected_name	0	collected_text_n			767
Umifoxolaner	umifoxolaner	U	collected_name	0	collected_text_n			768
Urea	urea	U	collected_name	0	collected_text_n			769
Vamidothion	vamidothion	V	collected_name	0	collected_text_n			770
Verbenone	verbenone	V	collected_name	0	collected_text_n			771
Vinylfluthrin	vinylfluthrin	V	collected_name	0	collected_text_n			772
XMC	xmc	X	collected_name	0	collected_text_n			773
Xylylcarb	xylylcarb	X	collected_name	0	collected_text_n			774
Ylang ylang oil	ylang ylang oil	Y	collected_name	0	collected_text_n			775
Zeta-cypermethrin	zeta-cypermethrin	Z	collected_name	0	collected_text_n			776
(E)-2-(2-(2-(2,3-dichlorophenylamino)-6-trifluoromethylpyrimidin-4-yloxymethyl)phenyl)-3-methoxyacrylate	(e)-2-(2-(2-(2,3-dichlorophenylamino)-6-trifluoromethylpyrimidin-4-yloxymethyl)phenyl)-3-methoxyacrylate	misc	collected_name	0	collected_text_n			1
(E)-dec-5-enyl acetate	(e)-dec-5-enyl acetate	misc	collected_name	0	collected_text_n			2
(E)-dodec-8-enyl acetate	(e)-dodec-8-enyl acetate	misc	collected_name	0	collected_text_n			3
(E)-dodec-9-enyl acetate	(e)-dodec-9-enyl acetate	misc	collected_name	0	collected_text_n			4
(E)-methyl 2-[2-[[[(Z)[1-(3,5-bis(trifluoromethyl)phenyl)-1-methylthiomethylidene]amino]oxy]methyl]phenyl]-3-methoxyacrylate	(e)-methyl 2-[2-[[[(z)[1-(3,5-bis(trifluoromethyl)phenyl)-1-methylthiomethylidene]amino]oxy]methyl]phenyl]-3-methoxyacrylate	misc	collected_name	0	collected_text_n			5
(E)-tetradec-11-enyl acetate	(e)-tetradec-11-enyl acetate	misc	collected_name	0	collected_text_n			6
(R)-flufiprole	(r)-flufiprole	misc	collected_name	0	collected_text_n			7
(Z)-11-tetradecenyl acetate	(z)-11-tetradecenyl acetate	misc	collected_name	0	collected_text_n			8
(Z)-dodec-8-enyl acetate	(z)-dodec-8-enyl acetate	misc	collected_name	0	collected_text_n			9
(Z)-dodec-9-enyl acetate	(z)-dodec-9-enyl acetate	misc	collected_name	0	collected_text_n			10
(Z)-tetradec-9-enyl acetate	(z)-tetradec-9-enyl acetate	misc	collected_name	0	collected_text_n			11
1,2-dichlorobenzene	1,2-dichlorobenzene	misc	collected_name	0	collected_text_n			13
1,2-dichloropropane	1,2-dichloropropane	misc	collected_name	0	collected_text_n			14
1,2-octanediol	1,2-octanediol	misc	collected_name	0	collected_text_n			15
1,3-dichloropropene	1,3-dichloropropene	misc	collected_name	0	collected_text_n			16
1,4-dichlorobenzene	1,4-dichlorobenzene	misc	collected_name	0	collected_text_n			17
1-(4-chlorophenyl)-3-(2,6-dichlorobenzoyl)urea	1-(4-chlorophenyl)-3-(2,6-dichlorobenzoyl)urea	misc	collected_name	0	collected_text_n			12
1-dodecanol	1-dodecanol	misc	collected_name	0	collected_text_n			20
11-tetradecenal	11-tetradecenal	misc	collected_name	0	collected_text_n			18
11-tetradecenol	11-tetradecenol	misc	collected_name	0	collected_text_n			19
2-(octylthio)ethanol	2-(octylthio)ethanol	misc	collected_name	0	collected_text_n			21
4-allylanisole	4-allylanisole	misc	collected_name	0	collected_text_n			22
8-dodecenol	8-dodecenol	misc	collected_name	0	collected_text_n			23
